26607;1984;Audi;4000;Subcompact Cars;4;Regular;19;24
27724;1984;Audi;4000;Subcompact Cars;4;Regular;19;24
26608;1984;Audi;4000;Subcompact Cars;4;Regular;21;29
27725;1984;Audi;4000;Subcompact Cars;4;Regular;21;29
26609;1984;Audi;4000 S quattro;Subcompact Cars;5;Regular;16;20
27726;1984;Audi;4000 S quattro;Subcompact Cars;5;Regular;16;20
26930;1984;Audi;5000S;Midsize Cars;5;Regular;15;20
26931;1984;Audi;5000S;Midsize Cars;5;Regular;15;20
28000;1984;Audi;5000S;Midsize Cars;5;Regular;15;19
28001;1984;Audi;5000S;Midsize Cars;5;Regular;16;21
26932;1984;Audi;5000S;Midsize Cars;5;Regular;17;23
28002;1984;Audi;5000S;Midsize Cars;5;Regular;17;24
27143;1984;Audi;5000S Wagon;Midsize Station Wagons;5;Regular;15;20
28171;1984;Audi;5000S Wagon;Midsize Station Wagons;5;Regular;16;21
27144;1984;Audi;5000S Wagon;Midsize Station Wagons;5;Regular;16;23
28172;1984;Audi;5000S Wagon;Midsize Station Wagons;5;Regular;16;24
26602;1984;Audi;Coupe GT;Subcompact Cars;5;Regular;15;20
26604;1984;Audi;Coupe GT;Subcompact Cars;5;Regular;16;21
27719;1984;Audi;Coupe GT;Subcompact Cars;5;Regular;15;20
27721;1984;Audi;Coupe GT;Subcompact Cars;5;Regular;16;21
26603;1984;Audi;Coupe GT;Subcompact Cars;5;Regular;18;24
26605;1984;Audi;Coupe GT;Subcompact Cars;5;Regular;17;23
27720;1984;Audi;Coupe GT;Subcompact Cars;5;Regular;18;24
27722;1984;Audi;Coupe GT;Subcompact Cars;5;Regular;17;23
26606;1984;Audi;Quattro;Subcompact Cars;5;Regular;14;20
27723;1984;Audi;Quattro;Subcompact Cars;5;Regular;14;20
53;1985;Audi;4000s;Subcompact Cars;4;Regular;21;24
54;1985;Audi;4000s;Subcompact Cars;4;Regular;21;27
1181;1985;Audi;4000s quattro;Subcompact Cars;5;Regular;16;20
55;1985;Audi;4000s quattro;Subcompact Cars;5;Regular;16;20
1327;1985;Audi;5000S;Midsize Cars;5;Regular;15;19
416;1985;Audi;5000S;Midsize Cars;5;Regular;15;20
417;1985;Audi;5000S;Midsize Cars;5;Regular;15;20
418;1985;Audi;5000S;Midsize Cars;5;Regular;17;23
632;1985;Audi;5000S Wagon;Midsize-Large Station Wagons;5;Regular;15;20
633;1985;Audi;5000S Wagon;Midsize-Large Station Wagons;5;Regular;17;23
50;1985;Audi;Coupe GT;Subcompact Cars;5;Regular;16;21
51;1985;Audi;Coupe GT;Subcompact Cars;5;Regular;17;23
52;1985;Audi;Quattro;Subcompact Cars;5;Regular;15;20
11;1985;Ferrari;308;Two Seaters;8;Regular;9;15
38;1985;Ferrari;Mondial;Minicompact Cars;8;Regular;9;15
10;1985;Ferrari;Testarossa;Two Seaters;12;Regular;9;14
1748;1986;Audi;4000 CS quattro;Subcompact Cars;5;Regular;16;20
1749;1986;Audi;4000 S;Subcompact Cars;4;Regular;21;24
1750;1986;Audi;4000 S;Subcompact Cars;4;Regular;22;28
2091;1986;Audi;5000 CS quattro;Midsize Cars;5;Regular;15;23
2285;1986;Audi;5000 CS quattro Wagon;Midsize-Large Station Wagons;5;Regular;15;23
2092;1986;Audi;5000 S;Midsize Cars;5;Regular;16;20
2093;1986;Audi;5000 S;Midsize Cars;5;Regular;16;20
2094;1986;Audi;5000 S;Midsize Cars;5;Regular;17;24
2095;1986;Audi;5000 S;Midsize Cars;5;Regular;16;24
2286;1986;Audi;5000S Wagon;Midsize-Large Station Wagons;5;Regular;15;20
2287;1986;Audi;5000S Wagon;Midsize-Large Station Wagons;5;Regular;17;23
1746;1986;Audi;Coupe GT;Subcompact Cars;5;Regular;16;21
1747;1986;Audi;Coupe GT;Subcompact Cars;5;Regular;17;23
1701;1986;Ferrari;328 GTS/GTB;Two Seaters;8;Regular;11;17
1731;1986;Ferrari;Mondial/Cabriolet;Minicompact Cars;8;Regular;11;17
1700;1986;Ferrari;Testarossa;Two Seaters;12;Regular;9;14
2963;1987;Audi;4000;Subcompact Cars;4;Regular;21;24
2964;1987;Audi;4000;Subcompact Cars;4;Regular;22;28
2965;1987;Audi;4000 CS quattro;Subcompact Cars;5;Regular;16;20
3348;1987;Audi;5000 CS quattro;Midsize Cars;5;Regular;15;23
3540;1987;Audi;5000 CS quattro Wagon;Midsize-Large Station Wagons;5;Regular;15;23
3349;1987;Audi;5000 CS Turbo;Midsize Cars;5;Regular;16;20
3350;1987;Audi;5000 CS Turbo;Midsize Cars;5;Regular;16;24
3351;1987;Audi;5000 S;Midsize Cars;5;Regular;16;20
3353;1987;Audi;5000 S;Midsize Cars;5;Regular;17;21
3352;1987;Audi;5000 S;Midsize Cars;5;Regular;17;24
3354;1987;Audi;5000 S;Midsize Cars;5;Regular;16;22
3355;1987;Audi;5000 S quattro;Midsize Cars;5;Regular;16;22
3541;1987;Audi;5000S Wagon;Midsize-Large Station Wagons;5;Regular;15;20
3543;1987;Audi;5000S Wagon;Midsize-Large Station Wagons;5;Regular;16;20
3542;1987;Audi;5000S Wagon;Midsize-Large Station Wagons;5;Regular;17;23
3544;1987;Audi;5000S Wagon;Midsize-Large Station Wagons;5;Regular;16;22
2959;1987;Audi;Coupe GT;Subcompact Cars;5;Regular;16;21
2961;1987;Audi;Coupe GT;Subcompact Cars;5;Regular;16;20
2960;1987;Audi;Coupe GT;Subcompact Cars;5;Regular;17;23
2962;1987;Audi;Coupe GT;Subcompact Cars;5;Regular;17;23
2937;1987;Ferrari;3.2 Mondial/Cabriolet;Minicompact Cars;8;Regular;11;17
2904;1987;Ferrari;328 GTS/GTB;Two Seaters;8;Regular;11;17
2903;1987;Ferrari;Testarossa;Two Seaters;12;Regular;9;14
4528;1988;Audi;5000 CS quattro;Midsize Cars;5;Regular;15;23
4716;1988;Audi;5000 CS quattro Wagon;Midsize-Large Station Wagons;5;Regular;15;23
4529;1988;Audi;5000 CS Turbo;Midsize Cars;5;Regular;16;20
4530;1988;Audi;5000 CS Turbo;Midsize Cars;5;Regular;16;24
4531;1988;Audi;5000 S;Midsize Cars;5;Regular;17;21
4532;1988;Audi;5000 S;Midsize Cars;5;Regular;18;23
4533;1988;Audi;5000 S quattro;Midsize Cars;5;Regular;16;22
4717;1988;Audi;5000S Wagon;Midsize-Large Station Wagons;5;Regular;16;20
4718;1988;Audi;5000S Wagon;Midsize-Large Station Wagons;5;Regular;16;22
4191;1988;Audi;80/90;Subcompact Cars;4;Regular;21;24
4192;1988;Audi;80/90;Subcompact Cars;4;Regular;19;27
4193;1988;Audi;80/90;Subcompact Cars;5;Regular;18;23
4194;1988;Audi;80/90 quattro;Subcompact Cars;5;Regular;16;22
4163;1988;Ferrari;3.2 Mondial/Cabriolet;Minicompact Cars;8;Regular;11;17
4131;1988;Ferrari;328 GTS/GTB;Two Seaters;8;Regular;11;17
4130;1988;Ferrari;Testarossa;Two Seaters;12;Regular;9;14
5656;1989;Audi;100;Midsize Cars;5;Regular;17;20
5657;1989;Audi;100;Midsize Cars;5;Regular;16;23
5659;1989;Audi;200;Midsize Cars;5;Regular;16;20
5660;1989;Audi;200;Midsize Cars;5;Regular;16;24
5658;1989;Audi;100 quattro;Midsize Cars;5;Regular;16;22
5862;1989;Audi;100 Wagon;Midsize-Large Station Wagons;5;Regular;17;20
5863;1989;Audi;100 Wagon;Midsize-Large Station Wagons;5;Regular;16;23
5661;1989;Audi;200 quattro;Midsize Cars;5;Regular;15;23
5864;1989;Audi;200 quattro Wagon;Midsize-Large Station Wagons;5;Regular;15;23
5311;1989;Audi;80/90;Subcompact Cars;4;Regular;20;24
5313;1989;Audi;80/90;Subcompact Cars;5;Regular;17;20
5312;1989;Audi;80/90;Subcompact Cars;4;Regular;19;28
5314;1989;Audi;80/90;Subcompact Cars;5;Regular;18;24
5315;1989;Audi;80/90 quattro;Subcompact Cars;5;Regular;16;22
5284;1989;Ferrari;3.2 Mondial/Cabriolet;Minicompact Cars;8;Regular;11;17
5258;1989;Ferrari;328 GTS/GTB;Two Seaters;8;Regular;11;17
5259;1989;Ferrari;348 TB/TS;Two Seaters;8;Premium;11;18
5373;1989;Ferrari;Mondial T/Cabriolet;Subcompact Cars;8;Premium;11;17
5257;1989;Ferrari;Testarossa;Two Seaters;12;Regular;9;14
6445;1990;Audi;80;Subcompact Cars;4;Regular;20;24
6446;1990;Audi;80;Subcompact Cars;4;Regular;19;28
6448;1990;Audi;90;Subcompact Cars;5;Regular;17;20
6449;1990;Audi;90;Subcompact Cars;5;Regular;18;24
6784;1990;Audi;100;Midsize Cars;5;Regular;16;20
6785;1990;Audi;100;Midsize Cars;5;Regular;16;22
6787;1990;Audi;200;Midsize Cars;5;Regular;16;20
6786;1990;Audi;100 quattro;Midsize Cars;5;Regular;16;22
6788;1990;Audi;200 quattro;Midsize Cars;5;Regular;15;23
6944;1990;Audi;200 quattro Wagon;Midsize-Large Station Wagons;5;Regular;15;22
6447;1990;Audi;80 quattro;Subcompact Cars;5;Regular;16;22
6450;1990;Audi;90 quattro 20v;Subcompact Cars;5;Regular;16;22
6444;1990;Audi;Coupe quattro;Subcompact Cars;5;Regular;16;22
6782;1990;Audi;V8;Midsize Cars;8;Regular;13;17
6783;1990;Audi;V8;Midsize Cars;8;Regular;13;19
6406;1990;Ferrari;348 TB/TS;Two Seaters;8;Premium;12;17
6404;1990;Ferrari;F 40;Two Seaters;8;Premium;11;16
6505;1990;Ferrari;Mondial T/Cabriolet;Subcompact Cars;8;Premium;11;16
6405;1990;Ferrari;Testarossa;Two Seaters;12;Regular;9;14
7908;1991;Audi;100;Midsize Cars;5;Regular;16;22
7910;1991;Audi;200;Midsize Cars;5;Regular;16;20
7909;1991;Audi;100 quattro;Midsize Cars;5;Regular;16;22
7911;1991;Audi;200 quattro 20v;Midsize Cars;5;Regular;16;22
8071;1991;Audi;200 quattro 20v Wagon;Midsize-Large Station Wagons;5;Regular;16;22
7524;1991;Audi;80 quattro;Subcompact Cars;5;Regular;16;22
7525;1991;Audi;80/90;Subcompact Cars;5;Regular;16;23
7526;1991;Audi;80/90;Subcompact Cars;5;Regular;18;24
7527;1991;Audi;90 quattro 20v;Subcompact Cars;5;Regular;15;22
7523;1991;Audi;Coupe quattro;Subcompact Cars;5;Regular;15;22
7906;1991;Audi;V8;Midsize Cars;8;Regular;14;19
7907;1991;Audi;V8;Midsize Cars;8;Regular;13;19
7464;1991;Ferrari;348 TB/TS;Two Seaters;8;Premium;12;17
7462;1991;Ferrari;F40;Two Seaters;8;Premium;11;16
7597;1991;Ferrari;Mondial T/Cabriolet;Subcompact Cars;8;Premium;11;16
7463;1991;Ferrari;Testarossa;Two Seaters;12;Regular;9;14
7467;1991;Ferrari;Testarossa;Two Seaters;12;Premium;9;14
8624;1992;Audi;80;Subcompact Cars;5;Regular;16;23
8625;1992;Audi;80;Subcompact Cars;5;Regular;18;24
8987;1992;Audi;100;Midsize Cars;6;Premium;15;23
8988;1992;Audi;100;Midsize Cars;6;Premium;17;22
8989;1992;Audi;100;Midsize Cars;6;Premium;17;24
8990;1992;Audi;100 quattro;Midsize Cars;6;Premium;16;20
8991;1992;Audi;100 quattro;Midsize Cars;6;Premium;16;21
28951;1992;Audi;100 quattro Wagon;Small Station Wagons;6;Premium;16;20
8626;1992;Audi;80 quattro;Subcompact Cars;5;Regular;16;22
8985;1992;Audi;S4;Midsize Cars;5;Premium;16;22
8986;1992;Audi;V8;Midsize Cars;8;Premium;13;18
8571;1992;Ferrari;348 TB/TS;Two Seaters;8;Premium;12;17
8569;1992;Ferrari;F40;Two Seaters;8;Premium;11;16
8693;1992;Ferrari;Mondial T/Cabriolet;Subcompact Cars;8;Premium;11;16
8692;1992;Ferrari;Mondial T/Cabriolet;Subcompact Cars;8;Premium;11;16
8570;1992;Ferrari;Testarossa;Two Seaters;12;Premium;10;15
9887;1993;Audi;90;Compact Cars;6;Premium;15;23
9888;1993;Audi;90;Compact Cars;6;Premium;18;24
10013;1993;Audi;100;Midsize Cars;6;Premium;17;22
10014;1993;Audi;100;Midsize Cars;6;Premium;17;24
9885;1993;Audi;100 quattro;Compact Cars;6;Premium;16;20
9886;1993;Audi;100 quattro;Compact Cars;6;Premium;16;21
10138;1993;Audi;100 quattro Wagon;Small Station Wagons;6;Premium;16;20
9694;1993;Audi;90 quattro;Subcompact Cars;6;Premium;15;20
9884;1993;Audi;S4;Compact Cars;5;Premium;16;22
28991;1993;Audi;V8;Compact Cars;8;Premium;13;18
28961;1993;Ferrari;348 TB/TS;Two Seaters;8;Premium;11;17
9642;1993;Ferrari;Ferrari 348 TB/TS;Two Seaters;8;Premium;12;17
9643;1993;Ferrari;Ferrari 512 TR;Two Seaters;12;Premium;10;15
9750;1993;Ferrari;Ferrari Mondial T/Cabriolet;Subcompact Cars;8;Premium;11;16
9749;1993;Ferrari;Ferrari Mondial T/Cabriolet;Subcompact Cars;8;Premium;11;16
10857;1994;Audi;90;Compact Cars;6;Premium;16;24
10858;1994;Audi;90;Compact Cars;6;Premium;18;24
10853;1994;Audi;100;Compact Cars;6;Premium;16;22
10854;1994;Audi;100;Compact Cars;6;Premium;17;22
10855;1994;Audi;100 quattro;Compact Cars;6;Regular;16;21
10856;1994;Audi;100 quattro;Compact Cars;6;Regular;16;22
11097;1994;Audi;100 quattro Wagon;Small Station Wagons;6;Regular;16;21
11098;1994;Audi;100 Wagon;Small Station Wagons;6;Regular;16;21
10679;1994;Audi;90 quattro;Subcompact Cars;6;Premium;17;22
10653;1994;Audi;Cabriolet;Minicompact Cars;6;Premium;16;24
10851;1994;Audi;S4;Compact Cars;5;Regular;16;22
10852;1994;Audi;V8;Compact Cars;8;Premium;13;18
10628;1994;Ferrari;Ferrari 348 TB/TS/Spider;Two Seaters;8;Premium;12;17
10629;1994;Ferrari;Ferrari 348 TB/TS/Spider;Two Seaters;8;Premium;11;17
10630;1994;Ferrari;Ferrari 512 TR;Two Seaters;12;Premium;10;15
10727;1994;Ferrari;Ferrari Mondial T/Cabriolet;Subcompact Cars;8;Premium;11;16
10726;1994;Ferrari;Ferrari Mondial T/Cabriolet;Subcompact Cars;8;Premium;11;16
11797;1995;Audi;90;Compact Cars;6;Premium;16;24
11798;1995;Audi;90;Compact Cars;6;Premium;17;24
11799;1995;Audi;90;Compact Cars;6;Premium;17;24
11800;1995;Audi;90 quattro;Compact Cars;6;Premium;17;23
11792;1995;Audi;A6;Compact Cars;6;Regular;17;22
11793;1995;Audi;A6;Compact Cars;6;Premium;17;23
11794;1995;Audi;A6 quattro;Compact Cars;6;Regular;16;20
11795;1995;Audi;A6 quattro;Compact Cars;6;Regular;16;22
12074;1995;Audi;A6 quattro Wagon;Small Station Wagons;6;Regular;16;20
12075;1995;Audi;A6 Wagon;Small Station Wagons;6;Regular;17;22
11615;1995;Audi;Cabriolet;Minicompact Cars;6;Premium;16;24
11616;1995;Audi;Cabriolet;Minicompact Cars;6;Premium;17;24
11796;1995;Audi;S6;Compact Cars;5;Premium;16;22
12076;1995;Audi;S6 Wagon;Small Station Wagons;5;Premium;16;22
11593;1995;Ferrari;Ferrari 348 TB/TS/Spider;Two Seaters;8;Premium;11;17
11682;1995;Ferrari;Ferrari 456 GT;Subcompact Cars;12;Premium;9;15
11590;1995;Ferrari;Ferrari F355 Berlinetta/GTS;Two Seaters;8;Premium;9;14
11591;1995;Ferrari;Ferrari F50;Two Seaters;12;Premium;7;10
11592;1995;Ferrari;Ferrari F512M;Two Seaters;12;Premium;10;15
12675;1996;Audi;A4;Compact Cars;6;Premium;16;26
12676;1996;Audi;A4;Compact Cars;6;Premium;17;25
12677;1996;Audi;A4 quattro;Compact Cars;6;Premium;16;25
12678;1996;Audi;A4 quattro;Compact Cars;6;Premium;17;24
12679;1996;Audi;A6;Compact Cars;6;Premium;17;23
12680;1996;Audi;A6 quattro;Compact Cars;6;Premium;17;22
12900;1996;Audi;A6 quattro Wagon;Small Station Wagons;6;Premium;17;22
12901;1996;Audi;A6 Wagon;Small Station Wagons;6;Premium;17;23
12534;1996;Audi;Cabriolet;Minicompact Cars;6;Premium;17;22
12518;1996;Ferrari;Ferrari F355 Berlinetta/GTS;Two Seaters;8;Premium;9;14
13423;1997;Audi;A4;Compact Cars;4;Premium;18;27
13424;1997;Audi;A4;Compact Cars;6;Premium;16;26
13425;1997;Audi;A4;Compact Cars;6;Premium;17;25
13426;1997;Audi;A4 quattro;Compact Cars;4;Premium;18;27
13427;1997;Audi;A4 quattro;Compact Cars;6;Premium;16;25
13428;1997;Audi;A4 quattro;Compact Cars;6;Premium;17;24
13429;1997;Audi;A6;Compact Cars;6;Premium;17;23
13430;1997;Audi;A6 quattro;Compact Cars;6;Premium;17;22
13654;1997;Audi;A6 quattro Wagon;Small Station Wagons;6;Premium;17;22
13655;1997;Audi;A6 Wagon;Small Station Wagons;6;Premium;17;23
13539;1997;Audi;A8;Midsize Cars;8;Premium;15;23
13538;1997;Audi;A8;Midsize Cars;8;Premium;15;24
13281;1997;Audi;Cabriolet;Minicompact Cars;6;Premium;17;22
13334;1997;Ferrari;Ferrari 456;Subcompact Cars;12;Premium;8;14
13335;1997;Ferrari;Ferrari 456;Subcompact Cars;12;Premium;9;15
13259;1997;Ferrari;Ferrari F355;Two Seaters;8;Premium;9;14
14165;1998;Audi;A4;Compact Cars;4;Premium;18;29
14167;1998;Audi;A4;Compact Cars;6;Premium;16;27
14166;1998;Audi;A4;Compact Cars;4;Premium;20;29
14168;1998;Audi;A4;Compact Cars;6;Premium;18;27
14407;1998;Audi;A4 Avant;Small Station Wagons;6;Premium;16;27
14408;1998;Audi;A4 Avant quattro;Small Station Wagons;6;Premium;16;25
14409;1998;Audi;A4 Avant quattro;Small Station Wagons;6;Premium;17;25
14169;1998;Audi;A4 quattro;Compact Cars;4;Premium;17;25
14171;1998;Audi;A4 quattro;Compact Cars;6;Premium;16;25
14170;1998;Audi;A4 quattro;Compact Cars;4;Premium;19;27
14172;1998;Audi;A4 quattro;Compact Cars;6;Premium;17;25
14279;1998;Audi;A6;Midsize Cars;6;Premium;16;25
14280;1998;Audi;A6 quattro;Midsize Cars;6;Premium;15;24
14410;1998;Audi;A6 Wagon quattro;Small Station Wagons;6;Premium;17;22
14282;1998;Audi;A8;Midsize Cars;8;Premium;15;23
14281;1998;Audi;A8;Midsize Cars;8;Premium;15;24
14012;1998;Audi;Cabriolet;Minicompact Cars;6;Premium;17;22
14079;1998;Ferrari;Ferrari 456 GT/GTA;Subcompact Cars;12;Premium;9;14
14080;1998;Ferrari;Ferrari 456 GT/GTA;Subcompact Cars;12;Premium;9;15
13999;1998;Ferrari;Ferrari 550 Maranello;Two Seaters;12;Premium;8;14
14000;1998;Ferrari;Ferrari F355/355 F1;Two Seaters;8;Premium;9;13
14001;1998;Ferrari;Ferrari F355/355 F1;Two Seaters;8;Premium;9;14
14944;1999;Audi;A4;Compact Cars;4;Premium;18;28
14946;1999;Audi;A4;Compact Cars;6;Premium;16;27
14945;1999;Audi;A4;Compact Cars;4;Premium;20;29
14947;1999;Audi;A4;Compact Cars;6;Premium;18;26
15204;1999;Audi;A4 Avant quattro;Small Station Wagons;4;Premium;16;25
15206;1999;Audi;A4 Avant quattro;Small Station Wagons;6;Premium;16;25
15205;1999;Audi;A4 Avant quattro;Small Station Wagons;4;Premium;19;26
15207;1999;Audi;A4 Avant quattro;Small Station Wagons;6;Premium;17;25
14948;1999;Audi;A4 quattro;Compact Cars;4;Premium;16;25
14950;1999;Audi;A4 quattro;Compact Cars;6;Premium;16;25
14949;1999;Audi;A4 quattro;Compact Cars;4;Premium;19;26
14951;1999;Audi;A4 quattro;Compact Cars;6;Premium;17;25
15071;1999;Audi;A6;Midsize Cars;6;Premium;16;25
15227;1999;Audi;A6 Avant quattro;Midsize Station Wagons;6;Premium;15;24
15072;1999;Audi;A6 quattro;Midsize Cars;6;Premium;15;24
15073;1999;Audi;A8;Midsize Cars;8;Premium;15;24
15074;1999;Audi;A8 quattro;Midsize Cars;8;Premium;15;23
29164;1999;Ferrari;360 Modena/Modena F1;Two Seaters;8;Premium;10;15
29163;1999;Ferrari;360 Modena/Modena F1;Two Seaters;8;Premium;10;15
14860;1999;Ferrari;456 MGT/MGA;Subcompact Cars;12;Premium;9;14
14861;1999;Ferrari;456 MGT/MGA;Subcompact Cars;12;Premium;9;15
14801;1999;Ferrari;550 Maranello;Two Seaters;12;Premium;8;13
14802;1999;Ferrari;F355/355 F1;Two Seaters;8;Premium;9;13
14803;1999;Ferrari;F355/355 F1;Two Seaters;8;Premium;9;14
15742;2000;Audi;A4;Compact Cars;4;Premium;18;28
15744;2000;Audi;A4;Compact Cars;6;Premium;16;24
15743;2000;Audi;A4;Compact Cars;4;Premium;21;29
15745;2000;Audi;A4;Compact Cars;6;Premium;18;26
16010;2000;Audi;A4 Avant;Small Station Wagons;6;Premium;16;24
16011;2000;Audi;A4 Avant quattro;Small Station Wagons;4;Premium;17;26
16013;2000;Audi;A4 Avant quattro;Small Station Wagons;6;Premium;15;22
16012;2000;Audi;A4 Avant quattro;Small Station Wagons;4;Premium;19;26
16014;2000;Audi;A4 Avant quattro;Small Station Wagons;6;Premium;16;23
15746;2000;Audi;A4 quattro;Compact Cars;4;Premium;17;26
15748;2000;Audi;A4 quattro;Compact Cars;6;Premium;16;23
15747;2000;Audi;A4 quattro;Compact Cars;4;Premium;19;26
15749;2000;Audi;A4 quattro;Compact Cars;6;Premium;16;23
15873;2000;Audi;A6;Midsize Cars;6;Premium;16;24
16033;2000;Audi;A6 Avant quattro;Midsize Station Wagons;6;Premium;15;22
15874;2000;Audi;A6 quattro;Midsize Cars;6;Premium;15;22
15876;2000;Audi;A6 quattro;Midsize Cars;6;Premium;15;22
15878;2000;Audi;A6 quattro;Midsize Cars;8;Premium;15;22
15877;2000;Audi;A6 quattro;Midsize Cars;6;Premium;16;22
15875;2000;Audi;A6 quattro;Midsize Cars;6;Premium;15;22
15981;2000;Audi;A8 L;Large Cars;8;Premium;15;22
15879;2000;Audi;A8 quattro;Midsize Cars;8;Premium;15;22
15750;2000;Audi;S4;Compact Cars;6;Premium;15;22
15751;2000;Audi;S4;Compact Cars;6;Premium;15;22
15626;2000;Audi;TT Coupe;Minicompact Cars;4;Premium;19;29
15627;2000;Audi;TT Coupe quattro;Minicompact Cars;4;Premium;18;26
15604;2000;Ferrari;360 Modena/Spider;Two Seaters;8;Premium;10;15
15603;2000;Ferrari;360 Modena/Spider;Two Seaters;8;Premium;10;15
15662;2000;Ferrari;456 MGT/MGA;Subcompact Cars;12;Premium;9;14
15663;2000;Ferrari;456 MGT/MGA;Subcompact Cars;12;Premium;9;15
15605;2000;Ferrari;550 Maranello;Two Seaters;12;Premium;8;12
16575;2001;Audi;A4;Compact Cars;4;Premium;18;26
16576;2001;Audi;A4;Compact Cars;6;Premium;16;24
16574;2001;Audi;A4;Compact Cars;4;Premium;20;29
16871;2001;Audi;A4 Avant quattro;Small Station Wagons;4;Premium;18;25
16873;2001;Audi;A4 Avant quattro;Small Station Wagons;6;Premium;15;22
16870;2001;Audi;A4 Avant quattro;Small Station Wagons;4;Premium;19;27
16872;2001;Audi;A4 Avant quattro;Small Station Wagons;6;Premium;16;22
16578;2001;Audi;A4 quattro;Compact Cars;4;Premium;18;25
16580;2001;Audi;A4 quattro;Compact Cars;6;Premium;16;23
16577;2001;Audi;A4 quattro;Compact Cars;4;Premium;19;27
16579;2001;Audi;A4 quattro;Compact Cars;6;Premium;16;22
16736;2001;Audi;A6;Midsize Cars;6;Premium;16;23
16897;2001;Audi;A6 Avant quattro;Midsize Station Wagons;6;Premium;15;22
16738;2001;Audi;A6 quattro;Midsize Cars;6;Premium;16;22
16739;2001;Audi;A6 quattro;Midsize Cars;6;Premium;15;22
16740;2001;Audi;A6 quattro;Midsize Cars;8;Premium;15;23
16737;2001;Audi;A6 quattro;Midsize Cars;6;Premium;15;22
16838;2001;Audi;A8 L;Large Cars;8;Premium;15;23
16741;2001;Audi;A8 quattro;Midsize Cars;8;Premium;15;23
17193;2001;Audi;Allroad;Sport Utility Vehicle - 4WD;6;Premium;14;19
17192;2001;Audi;Allroad;Sport Utility Vehicle - 4WD;6;Premium;14;19
16582;2001;Audi;S4;Compact Cars;6;Premium;16;22
16581;2001;Audi;S4;Compact Cars;6;Premium;15;22
16875;2001;Audi;S4 Avant;Small Station Wagons;6;Premium;16;22
16874;2001;Audi;S4 Avant;Small Station Wagons;6;Premium;15;22
16742;2001;Audi;S8 quattro;Midsize Cars;8;Premium;13;20
16466;2001;Audi;TT Coupe;Minicompact Cars;4;Premium;20;29
16467;2001;Audi;TT Coupe quattro;Minicompact Cars;4;Premium;18;26
16468;2001;Audi;TT Coupe quattro;Minicompact Cars;4;Premium;18;26
16427;2001;Audi;TT Roadster;Two Seaters;4;Premium;19;27
16428;2001;Audi;TT Roadster quattro;Two Seaters;4;Premium;18;26
16443;2001;Ferrari;360 Modena/Spider;Two Seaters;8;Premium;10;15
16442;2001;Ferrari;360 Modena/Spider;Two Seaters;8;Premium;10;15
16504;2001;Ferrari;456 MGT/MGA;Subcompact Cars;12;Premium;9;14
16505;2001;Ferrari;456 MGT/MGA;Subcompact Cars;12;Premium;9;15
16444;2001;Ferrari;550 Maranello/Barchetta;Two Seaters;12;Premium;8;12
17490;2002;Audi;A4;Compact Cars;4;Premium;18;26
17492;2002;Audi;A4;Compact Cars;6;Premium;17;25
17491;2002;Audi;A4;Compact Cars;4;Premium;20;29
17800;2002;Audi;A4 Avant quattro;Small Station Wagons;4;Premium;17;26
17802;2002;Audi;A4 Avant quattro;Small Station Wagons;6;Premium;15;23
17801;2002;Audi;A4 Avant quattro;Small Station Wagons;4;Premium;18;26
17803;2002;Audi;A4 Avant quattro;Small Station Wagons;6;Premium;16;23
17493;2002;Audi;A4 quattro;Compact Cars;4;Premium;17;26
17495;2002;Audi;A4 quattro;Compact Cars;6;Premium;15;23
17494;2002;Audi;A4 quattro;Compact Cars;4;Premium;18;26
17496;2002;Audi;A4 quattro;Compact Cars;6;Premium;16;23
17666;2002;Audi;A6;Midsize Cars;6;Premium;17;23
17834;2002;Audi;A6 Avant quattro;Midsize Station Wagons;6;Premium;15;23
17668;2002;Audi;A6 quattro;Midsize Cars;6;Premium;16;23
17670;2002;Audi;A6 quattro;Midsize Cars;8;Premium;15;23
17669;2002;Audi;A6 quattro;Midsize Cars;6;Premium;15;23
17667;2002;Audi;A6 quattro;Midsize Cars;6;Premium;15;22
17768;2002;Audi;A8 L;Large Cars;8;Premium;15;23
17671;2002;Audi;A8 quattro;Midsize Cars;8;Premium;15;23
18138;2002;Audi;Allroad;Sport Utility Vehicle - 4WD;6;Premium;14;19
18139;2002;Audi;Allroad;Sport Utility Vehicle - 4WD;6;Premium;14;19
17498;2002;Audi;S4;Compact Cars;6;Premium;15;22
17497;2002;Audi;S4;Compact Cars;6;Premium;15;22
17805;2002;Audi;S4 Avant;Small Station Wagons;6;Premium;15;22
17804;2002;Audi;S4 Avant;Small Station Wagons;6;Premium;15;22
17835;2002;Audi;S6 Avant;Midsize Station Wagons;8;Premium;12;19
17672;2002;Audi;S8 quattro;Midsize Cars;8;Premium;13;20
17378;2002;Audi;TT Coupe;Minicompact Cars;4;Premium;20;29
17379;2002;Audi;TT Coupe quattro;Minicompact Cars;4;Premium;18;27
17380;2002;Audi;TT Coupe quattro;Minicompact Cars;4;Premium;18;26
17335;2002;Audi;TT Roadster;Two Seaters;4;Premium;20;28
17336;2002;Audi;TT Roadster quattro;Two Seaters;4;Premium;18;26
17352;2002;Ferrari;575;Two Seaters;12;Premium;9;16
17351;2002;Ferrari;575;Two Seaters;12;Premium;9;15
17350;2002;Ferrari;360 Modena/Spider;Two Seaters;8;Premium;10;15
17349;2002;Ferrari;360 Modena/Spider;Two Seaters;8;Premium;10;15
17418;2002;Ferrari;456 MGT/MGA;Subcompact Cars;12;Premium;9;14
17419;2002;Ferrari;456 MGT/MGA;Subcompact Cars;12;Premium;9;15
18460;2003;Audi;A4;Compact Cars;4;Premium;20;27
18462;2003;Audi;A4;Compact Cars;6;Premium;18;26
18461;2003;Audi;A4;Compact Cars;4;Premium;20;29
18757;2003;Audi;A4 Avant quattro;Small Station Wagons;4;Premium;18;26
18759;2003;Audi;A4 Avant quattro;Small Station Wagons;6;Premium;16;24
18756;2003;Audi;A4 Avant quattro;Small Station Wagons;4;Premium;18;26
18758;2003;Audi;A4 Avant quattro;Small Station Wagons;6;Premium;16;23
18393;2003;Audi;A4 Cabriolet;Subcompact Cars;4;Premium;20;28
18394;2003;Audi;A4 Cabriolet;Subcompact Cars;6;Premium;18;25
18464;2003;Audi;A4 quattro;Compact Cars;4;Premium;18;26
18466;2003;Audi;A4 quattro;Compact Cars;6;Premium;16;24
18463;2003;Audi;A4 quattro;Compact Cars;4;Premium;18;26
18465;2003;Audi;A4 quattro;Compact Cars;6;Premium;16;23
18631;2003;Audi;A6;Midsize Cars;6;Premium;18;25
18797;2003;Audi;A6 Avant quattro;Midsize Station Wagons;6;Premium;16;24
18633;2003;Audi;A6 quattro;Midsize Cars;6;Premium;16;23
18634;2003;Audi;A6 quattro;Midsize Cars;6;Premium;16;24
18635;2003;Audi;A6 quattro;Midsize Cars;8;Premium;15;23
18632;2003;Audi;A6 quattro;Midsize Cars;6;Premium;16;23
18636;2003;Audi;A8;Midsize Cars;8;Premium;15;23
18721;2003;Audi;A8 L;Large Cars;8;Premium;15;23
19120;2003;Audi;Allroad quattro;Sport Utility Vehicle - 4WD;6;Premium;15;20
19119;2003;Audi;Allroad quattro;Sport Utility Vehicle - 4WD;6;Premium;14;21
19328;2003;Audi;RS6;Midsize Cars;8;Premium;14;20
18798;2003;Audi;S6 Avant;Midsize Station Wagons;8;Premium;13;19
18637;2003;Audi;S8;Midsize Cars;8;Premium;14;20
18347;2003;Audi;TT Coupe;Minicompact Cars;4;Premium;18;27
18348;2003;Audi;TT Coupe quattro;Minicompact Cars;4;Premium;18;26
18295;2003;Audi;TT Roadster;Two Seaters;4;Premium;18;26
18296;2003;Audi;TT Roadster quattro;Two Seaters;4;Premium;18;26
18307;2003;Ferrari;360 Modena/Spider;Two Seaters;8;Premium;10;15
19327;2003;Ferrari;360 Modena/Spider;Two Seaters;8;Premium;10;15
18306;2003;Ferrari;360 Modena/Spider;Two Seaters;8;Premium;10;15
18403;2003;Ferrari;456 MGT/MGA;Subcompact Cars;12;Premium;9;14
18404;2003;Ferrari;456 MGT/MGA;Subcompact Cars;12;Premium;9;15
18309;2003;Ferrari;575 M Maranello;Two Seaters;12;Premium;9;16
18308;2003;Ferrari;575 M Maranello;Two Seaters;12;Premium;9;15
18305;2003;Ferrari;Enzo Ferrari;Two Seaters;12;Premium;7;12
19529;2004;Audi;A4;Compact Cars;4;Premium;20;27
19531;2004;Audi;A4;Compact Cars;6;Premium;18;26
19530;2004;Audi;A4;Compact Cars;4;Premium;20;29
19871;2004;Audi;A4 Avant quattro;Small Station Wagons;4;Premium;18;26
19873;2004;Audi;A4 Avant quattro;Small Station Wagons;6;Premium;16;23
19870;2004;Audi;A4 Avant quattro;Small Station Wagons;4;Premium;19;28
19872;2004;Audi;A4 Avant quattro;Small Station Wagons;6;Premium;16;24
19448;2004;Audi;A4 Cabriolet;Subcompact Cars;4;Premium;20;28
19449;2004;Audi;A4 Cabriolet;Subcompact Cars;6;Premium;18;25
19450;2004;Audi;A4 Cabriolet quattro;Subcompact Cars;6;Premium;16;23
19533;2004;Audi;A4 quattro;Compact Cars;4;Premium;18;26
19535;2004;Audi;A4 quattro;Compact Cars;6;Premium;16;23
19532;2004;Audi;A4 quattro;Compact Cars;4;Premium;19;27
19534;2004;Audi;A4 quattro;Compact Cars;6;Premium;16;24
19713;2004;Audi;A6;Midsize Cars;6;Premium;18;25
19910;2004;Audi;A6 Avant quattro;Midsize Station Wagons;6;Premium;16;23
19715;2004;Audi;A6 quattro;Midsize Cars;6;Premium;16;23
19716;2004;Audi;A6 quattro;Midsize Cars;6;Premium;16;23
19717;2004;Audi;A6 quattro;Midsize Cars;8;Premium;15;22
19714;2004;Audi;A6 quattro;Midsize Cars;6;Premium;16;23
19822;2004;Audi;A8 L;Large Cars;8;Premium;16;22
20245;2004;Audi;Allroad quattro;Sport Utility Vehicle - 4WD;6;Premium;15;20
20246;2004;Audi;Allroad quattro;Sport Utility Vehicle - 4WD;8;Premium;14;19
20244;2004;Audi;Allroad quattro;Sport Utility Vehicle - 4WD;6;Premium;14;21
19537;2004;Audi;S4;Compact Cars;8;Premium;16;22
19536;2004;Audi;S4;Compact Cars;8;Premium;13;20
19875;2004;Audi;S4 Avant;Small Station Wagons;8;Premium;16;22
19874;2004;Audi;S4 Avant;Small Station Wagons;8;Premium;13;20
19452;2004;Audi;S4 Cabriolet;Subcompact Cars;8;Premium;16;21
19451;2004;Audi;S4 Cabriolet;Subcompact Cars;8;Premium;13;20
19392;2004;Audi;TT Coupe;Minicompact Cars;4;Premium;18;27
19394;2004;Audi;TT Coupe quattro;Minicompact Cars;6;Premium;20;24
19393;2004;Audi;TT Coupe quattro;Minicompact Cars;4;Premium;18;26
19334;2004;Audi;TT Roadster;Two Seaters;4;Premium;18;26
19336;2004;Audi;TT Roadster quattro;Two Seaters;6;Premium;19;25
19335;2004;Audi;TT Roadster quattro;Two Seaters;4;Premium;18;26
19350;2004;Ferrari;360 Modena/Spider/Challenge;Two Seaters;8;Premium;10;15
19351;2004;Ferrari;360 Modena/Spider/Challenge;Two Seaters;8;Premium;10;15
19349;2004;Ferrari;360 Modena/Spider/Challenge;Two Seaters;8;Premium;10;15
19353;2004;Ferrari;575 M Maranello;Two Seaters;12;Premium;9;16
19352;2004;Ferrari;575 M Maranello;Two Seaters;12;Premium;9;15
20659;2005;Audi;A4;Compact Cars;4;Premium;20;27
20661;2005;Audi;A4;Compact Cars;6;Premium;19;26
21550;2005;Audi;A4;Compact Cars;4;Premium;21;30
20660;2005;Audi;A4;Compact Cars;4;Premium;20;29
21551;2005;Audi;A4;Compact Cars;4;Premium;20;31
20999;2005;Audi;A4 Avant quattro;Small Station Wagons;4;Premium;18;26
21001;2005;Audi;A4 Avant quattro;Small Station Wagons;6;Premium;16;24
21562;2005;Audi;A4 Avant quattro;Small Station Wagons;4;Premium;19;27
21563;2005;Audi;A4 Avant quattro;Small Station Wagons;6;Premium;17;24
20998;2005;Audi;A4 Avant quattro;Small Station Wagons;4;Premium;19;28
21000;2005;Audi;A4 Avant quattro;Small Station Wagons;6;Premium;16;24
21561;2005;Audi;A4 Avant quattro;Small Station Wagons;4;Premium;20;28
20587;2005;Audi;A4 Cabriolet;Subcompact Cars;4;Premium;20;28
20588;2005;Audi;A4 Cabriolet;Subcompact Cars;6;Premium;18;26
20589;2005;Audi;A4 Cabriolet quattro;Subcompact Cars;6;Premium;16;24
20663;2005;Audi;A4 quattro;Compact Cars;4;Premium;18;26
20665;2005;Audi;A4 quattro;Compact Cars;6;Premium;16;24
21553;2005;Audi;A4 quattro;Compact Cars;4;Premium;19;27
21554;2005;Audi;A4 quattro;Compact Cars;6;Premium;17;24
20662;2005;Audi;A4 quattro;Compact Cars;4;Premium;19;27
20664;2005;Audi;A4 quattro;Compact Cars;6;Premium;16;24
21552;2005;Audi;A4 quattro;Compact Cars;4;Premium;20;28
21559;2005;Audi;A6 quattro;Midsize Cars;6;Premium;17;24
20836;2005;Audi;A8;Midsize Cars;8;Premium;16;22
20943;2005;Audi;A8 L;Large Cars;8;Premium;16;22
20944;2005;Audi;A8 L;Large Cars;12;Premium;13;19
21353;2005;Audi;Allroad quattro;Sport Utility Vehicle - 4WD;6;Premium;15;20
21354;2005;Audi;Allroad quattro;Sport Utility Vehicle - 4WD;8;Premium;14;19
21352;2005;Audi;Allroad quattro;Sport Utility Vehicle - 4WD;6;Premium;14;21
20667;2005;Audi;S4;Compact Cars;8;Premium;14;21
20666;2005;Audi;S4;Compact Cars;8;Premium;13;20
21003;2005;Audi;S4 Avant;Small Station Wagons;8;Premium;14;21
21002;2005;Audi;S4 Avant;Small Station Wagons;8;Premium;13;20
20591;2005;Audi;S4 Cabriolet;Subcompact Cars;8;Premium;14;20
20590;2005;Audi;S4 Cabriolet;Subcompact Cars;8;Premium;13;20
20513;2005;Audi;TT Coupe;Minicompact Cars;4;Premium;18;27
20515;2005;Audi;TT Coupe quattro;Minicompact Cars;6;Premium;17;24
20514;2005;Audi;TT Coupe quattro;Minicompact Cars;4;Premium;18;26
20453;2005;Audi;TT Roadster;Two Seaters;4;Premium;18;26
20455;2005;Audi;TT Roadster quattro;Two Seaters;6;Premium;17;23
20454;2005;Audi;TT Roadster quattro;Two Seaters;4;Premium;18;26
20472;2005;Ferrari;360 Modena/Spider/Challenge;Two Seaters;8;Premium;10;15
20471;2005;Ferrari;360 Modena/Spider/Challenge;Two Seaters;8;Premium;10;15
20474;2005;Ferrari;575 M Maranello and Superamerica;Two Seaters;12;Premium;9;16
20473;2005;Ferrari;575 M Maranello and Superamerica;Two Seaters;12;Premium;9;15
20866;2005;Ferrari;612 Scaglietti;Midsize Cars;12;Premium;9;16
20865;2005;Ferrari;612 Scaglietti;Midsize Cars;12;Premium;10;15
21544;2005;Ferrari;F430;Two Seaters;8;Premium;10;15
21545;2005;Ferrari;F430;Two Seaters;8;Premium;10;16
22091;2006;Audi;A3;Small Station Wagons;4;Premium;22;29
22090;2006;Audi;A3;Small Station Wagons;4;Premium;21;29
22651;2006;Audi;A3 quattro;Small Station Wagons;6;Premium;18;25
21783;2006;Audi;A4;Compact Cars;4;Premium;21;30
21785;2006;Audi;A4;Compact Cars;6;Premium;18;27
21784;2006;Audi;A4;Compact Cars;4;Premium;20;31
22093;2006;Audi;A4 Avant quattro;Small Station Wagons;4;Premium;19;27
22095;2006;Audi;A4 Avant quattro;Small Station Wagons;6;Premium;17;25
22092;2006;Audi;A4 Avant quattro;Small Station Wagons;4;Premium;20;28
22094;2006;Audi;A4 Avant quattro;Small Station Wagons;6;Premium;15;25
21709;2006;Audi;A4 Cabriolet;Subcompact Cars;4;Premium;20;28
21710;2006;Audi;A4 Cabriolet quattro;Subcompact Cars;6;Premium;16;23
21787;2006;Audi;A4 quattro;Compact Cars;4;Premium;19;27
21789;2006;Audi;A4 quattro;Compact Cars;6;Premium;17;25
21786;2006;Audi;A4 quattro;Compact Cars;4;Premium;20;28
21788;2006;Audi;A4 quattro;Compact Cars;6;Premium;15;25
21917;2006;Audi;A6;Midsize Cars;6;Premium;18;27
22135;2006;Audi;A6 Avant quattro;Midsize Station Wagons;6;Premium;16;24
21918;2006;Audi;A6 quattro;Midsize Cars;6;Premium;17;25
21919;2006;Audi;A6 quattro;Midsize Cars;8;Premium;15;21
21920;2006;Audi;A8;Midsize Cars;8;Premium;16;22
22023;2006;Audi;A8 L;Large Cars;8;Premium;16;22
22024;2006;Audi;A8 L;Large Cars;12;Premium;13;19
21791;2006;Audi;S4;Compact Cars;8;Premium;14;21
21790;2006;Audi;S4;Compact Cars;8;Premium;13;20
22097;2006;Audi;S4 Avant;Small Station Wagons;8;Premium;14;21
22096;2006;Audi;S4 Avant;Small Station Wagons;8;Premium;13;20
21712;2006;Audi;S4 Cabriolet;Subcompact Cars;8;Premium;14;20
21711;2006;Audi;S4 Cabriolet;Subcompact Cars;8;Premium;13;20
21668;2006;Audi;TT Coupe;Minicompact Cars;4;Premium;18;27
21670;2006;Audi;TT Coupe quattro;Minicompact Cars;6;Premium;17;24
21669;2006;Audi;TT Coupe quattro;Minicompact Cars;4;Premium;18;26
21615;2006;Audi;TT Roadster;Two Seaters;4;Premium;18;26
21617;2006;Audi;TT Roadster quattro;Two Seaters;6;Premium;17;23
21616;2006;Audi;TT Roadster quattro;Two Seaters;4;Premium;18;26
21955;2006;Ferrari;612 Scaglietti;Midsize Cars;12;Premium;9;16
21956;2006;Ferrari;612 Scaglietti;Midsize Cars;12;Premium;10;15
22671;2006;Ferrari;F141;Two Seaters;12;Premium;9;13
22672;2006;Ferrari;F141;Two Seaters;12;Premium;9;13
21629;2006;Ferrari;F430;Two Seaters;8;Premium;11;16
21630;2006;Ferrari;F430;Two Seaters;8;Premium;11;16
22513;2006;Hummer;H3 4WD;Sport Utility Vehicle - 4WD;5;Regular;14;18
22514;2006;Hummer;H3 4WD;Sport Utility Vehicle - 4WD;5;Regular;14;18
23307;2007;Audi;A3;Small Station Wagons;4;Premium;22;29
23306;2007;Audi;A3;Small Station Wagons;4;Premium;21;29
23617;2007;Audi;A3 quattro;Small Station Wagons;6;Premium;18;25
23162;2007;Audi;A4;Compact Cars;4;Premium;21;29
23164;2007;Audi;A4;Compact Cars;6;Premium;18;27
23163;2007;Audi;A4;Compact Cars;4;Premium;20;31
23309;2007;Audi;A4 Avant quattro;Small Station Wagons;4;Premium;19;27
23311;2007;Audi;A4 Avant quattro;Small Station Wagons;6;Premium;17;25
23308;2007;Audi;A4 Avant quattro;Small Station Wagons;4;Premium;20;28
23310;2007;Audi;A4 Avant quattro;Small Station Wagons;6;Premium;15;25
23120;2007;Audi;A4 Cabriolet;Subcompact Cars;4;Premium;21;29
23121;2007;Audi;A4 Cabriolet quattro;Subcompact Cars;4;Premium;19;27
23122;2007;Audi;A4 Cabriolet quattro;Subcompact Cars;6;Premium;17;25
23166;2007;Audi;A4 quattro;Compact Cars;4;Premium;19;27
23168;2007;Audi;A4 quattro;Compact Cars;6;Premium;17;25
23165;2007;Audi;A4 quattro;Compact Cars;4;Premium;20;28
23167;2007;Audi;A4 quattro;Compact Cars;6;Premium;15;25
23235;2007;Audi;A6;Midsize Cars;6;Premium;18;27
23328;2007;Audi;A6 Avant quattro;Midsize Station Wagons;6;Premium;17;25
23236;2007;Audi;A6 quattro;Midsize Cars;6;Premium;17;25
23237;2007;Audi;A6 quattro;Midsize Cars;8;Premium;16;23
23238;2007;Audi;A8;Midsize Cars;8;Premium;16;23
23280;2007;Audi;A8 L;Large Cars;8;Premium;16;23
23600;2007;Audi;A8 L;Large Cars;12;Premium;13;19
22987;2007;Audi;Q7;Sport Utility Vehicle - 4WD;8;Premium;12;17
23402;2007;Audi;Q7;Sport Utility Vehicle - 4WD;6;Premium;14;18
23169;2007;Audi;RS4;Compact Cars;8;Premium;13;20
23171;2007;Audi;S4;Compact Cars;8;Premium;14;21
23170;2007;Audi;S4;Compact Cars;8;Premium;13;20
23313;2007;Audi;S4 Avant;Small Station Wagons;8;Premium;14;21
23312;2007;Audi;S4 Avant;Small Station Wagons;8;Premium;13;20
23124;2007;Audi;S4 Cabriolet;Subcompact Cars;8;Premium;14;21
23123;2007;Audi;S4 Cabriolet;Subcompact Cars;8;Premium;13;19
23554;2007;Audi;S6;Midsize Cars;10;Premium;14;19
23555;2007;Audi;S8;Midsize Cars;10;Premium;13;19
23477;2007;Ferrari;599 GTB;Two Seaters;12;Premium;10;14
23478;2007;Ferrari;599 GTB;Two Seaters;12;Premium;10;14
23561;2007;Ferrari;612 Scaglietti;Midsize Cars;12;Premium;9;16
23562;2007;Ferrari;612 Scaglietti;Midsize Cars;12;Premium;10;15
23475;2007;Ferrari;F430;Two Seaters;8;Premium;11;16
23476;2007;Ferrari;F430;Two Seaters;8;Premium;11;16
23410;2007;Hummer;H3 4WD;Sport Utility Vehicle - 4WD;5;Regular;14;18
23411;2007;Hummer;H3 4WD;Sport Utility Vehicle - 4WD;5;Regular;14;18
24067;2008;Audi;A3;Small Station Wagons;4;Premium;22;29
24428;2008;Audi;A3;Small Station Wagons;4;Premium;20;29
24068;2008;Audi;A3 quattro;Small Station Wagons;6;Premium;18;25
24276;2008;Audi;A4;Compact Cars;4;Premium;21;30
24278;2008;Audi;A4;Compact Cars;6;Premium;18;27
24277;2008;Audi;A4;Compact Cars;4;Premium;20;31
24430;2008;Audi;A4 Avant quattro;Small Station Wagons;4;Premium;19;27
24432;2008;Audi;A4 Avant quattro;Small Station Wagons;6;Premium;17;25
24429;2008;Audi;A4 Avant quattro;Small Station Wagons;4;Premium;20;28
24431;2008;Audi;A4 Avant quattro;Small Station Wagons;6;Premium;15;25
24245;2008;Audi;A4 Cabriolet;Subcompact Cars;4;Premium;21;30
24246;2008;Audi;A4 Cabriolet quattro;Subcompact Cars;4;Premium;19;27
24247;2008;Audi;A4 Cabriolet quattro;Subcompact Cars;6;Premium;17;25
24280;2008;Audi;A4 quattro;Compact Cars;4;Premium;19;27
24282;2008;Audi;A4 quattro;Compact Cars;6;Premium;17;25
24279;2008;Audi;A4 quattro;Compact Cars;4;Premium;20;28
24281;2008;Audi;A4 quattro;Compact Cars;6;Premium;15;25
25142;2008;Audi;A5 quattro;Subcompact Cars;6;Premium;18;27
25140;2008;Audi;A5 quattro;Subcompact Cars;6;Premium;16;27
24349;2008;Audi;A6;Midsize Cars;6;Premium;18;27
24453;2008;Audi;A6 Avant quattro;Midsize Station Wagons;6;Premium;17;25
24350;2008;Audi;A6 quattro;Midsize Cars;6;Premium;17;25
24351;2008;Audi;A6 quattro;Midsize Cars;8;Premium;16;23
24352;2008;Audi;A8;Midsize Cars;8;Premium;16;23
24413;2008;Audi;A8 L;Large Cars;8;Premium;16;23
24884;2008;Audi;A8 L;Large Cars;12;Premium;13;19
24108;2008;Audi;Q7;Sport Utility Vehicle - 4WD;6;Premium;14;20
24109;2008;Audi;Q7;Sport Utility Vehicle - 4WD;8;Premium;12;17
24168;2008;Audi;R8;Two Seaters;8;Premium;13;19
24167;2008;Audi;R8;Two Seaters;8;Premium;13;20
24283;2008;Audi;RS4;Compact Cars;8;Premium;13;20
24774;2008;Audi;RS4 Cabriolet;Subcompact Cars;8;Premium;12;19
24285;2008;Audi;S4;Compact Cars;8;Premium;14;21
24284;2008;Audi;S4;Compact Cars;8;Premium;13;20
24434;2008;Audi;S4 Avant;Small Station Wagons;8;Premium;14;21
24433;2008;Audi;S4 Avant;Small Station Wagons;8;Premium;13;20
24249;2008;Audi;S4 Cabriolet;Subcompact Cars;8;Premium;14;21
24248;2008;Audi;S4 Cabriolet;Subcompact Cars;8;Premium;13;19
25152;2008;Audi;S5;Subcompact Cars;8;Premium;16;22
24775;2008;Audi;S5;Subcompact Cars;8;Premium;14;21
24353;2008;Audi;S6;Midsize Cars;10;Premium;14;19
24354;2008;Audi;S8;Midsize Cars;10;Premium;13;19
24003;2008;Audi;TT Coupe;Subcompact Cars;4;Premium;23;31
24005;2008;Audi;TT Coupe quattro;Subcompact Cars;6;Premium;18;24
24004;2008;Audi;TT Coupe quattro;Subcompact Cars;6;Premium;17;24
23992;2008;Audi;TT Roadster;Two Seaters;4;Premium;22;29
23994;2008;Audi;TT Roadster quattro;Two Seaters;6;Premium;18;24
23993;2008;Audi;TT Roadster quattro;Two Seaters;6;Premium;17;24
24756;2008;Ferrari;599 GTB Fiorano;Two Seaters;12;Premium;11;15
24757;2008;Ferrari;599 GTB Fiorano;Two Seaters;12;Premium;11;15
24850;2008;Ferrari;612 Scaglietti;Midsize Cars;12;Premium;9;16
24851;2008;Ferrari;612 Scaglietti;Midsize Cars;12;Premium;10;15
24754;2008;Ferrari;F430;Two Seaters;8;Premium;11;16
24755;2008;Ferrari;F430;Two Seaters;8;Premium;11;16
24657;2008;Hummer;H3 4WD;Sport Utility Vehicle - 4WD;5;Regular;14;18
24659;2008;Hummer;H3 4WD;Sport Utility Vehicle - 4WD;8;Regular;13;16
24658;2008;Hummer;H3 4WD;Sport Utility Vehicle - 4WD;5;Regular;13;18
25298;2009;Audi;A3;Small Station Wagons;4;Premium;22;28
25297;2009;Audi;A3;Small Station Wagons;4;Premium;21;30
25299;2009;Audi;A3 quattro;Small Station Wagons;4;Premium;21;28
26013;2009;Audi;A3 quattro;Small Station Wagons;6;Premium;18;25
25895;2009;Audi;A4;Compact Cars;4;Premium;23;30
26014;2009;Audi;A4 Avant quattro;Small Station Wagons;4;Premium;21;27
25827;2009;Audi;A4 Cabriolet;Subcompact Cars;4;Premium;23;30
25828;2009;Audi;A4 Cabriolet quattro;Subcompact Cars;4;Premium;21;27
25829;2009;Audi;A4 Cabriolet quattro;Subcompact Cars;6;Premium;17;25
25431;2009;Audi;A4 quattro;Compact Cars;6;Premium;17;26
25897;2009;Audi;A4 quattro;Compact Cars;4;Premium;21;27
25896;2009;Audi;A4 quattro;Compact Cars;4;Premium;22;30
25404;2009;Audi;A5 quattro;Subcompact Cars;6;Premium;17;26
25403;2009;Audi;A5 quattro;Subcompact Cars;6;Premium;16;27
29649;2009;Audi;A6;Midsize Cars;6;Premium;18;27
26552;2009;Audi;A6 Avant quattro;Midsize Station Wagons;6;Premium;18;26
25948;2009;Audi;A6 quattro;Midsize Cars;8;Premium;16;23
26541;2009;Audi;A6 quattro;Midsize Cars;6;Premium;18;26
25949;2009;Audi;A8;Midsize Cars;8;Premium;16;23
25988;2009;Audi;A8 L;Large Cars;8;Premium;16;23
25989;2009;Audi;A8 L;Large Cars;12;Premium;13;19
26555;2009;Audi;Q5;Sport Utility Vehicle - 4WD;6;Premium;18;23
25344;2009;Audi;Q7;Sport Utility Vehicle - 4WD;8;Premium;13;18
26164;2009;Audi;Q7;Sport Utility Vehicle - 4WD;6;Premium;14;20
25383;2009;Audi;R8;Two Seaters;8;Premium;13;18
25382;2009;Audi;R8;Two Seaters;8;Premium;12;19
25831;2009;Audi;S4 Cabriolet;Subcompact Cars;8;Premium;14;21
25830;2009;Audi;S4 Cabriolet;Subcompact Cars;8;Premium;13;19
25833;2009;Audi;S5;Subcompact Cars;8;Premium;16;24
25832;2009;Audi;S5;Subcompact Cars;8;Premium;14;22
25950;2009;Audi;S6;Midsize Cars;10;Premium;14;19
25951;2009;Audi;S8;Midsize Cars;10;Premium;13;19
25405;2009;Audi;TT Coupe;Subcompact Cars;4;Premium;23;31
25222;2009;Audi;TT Coupe quattro;Subcompact Cars;4;Premium;21;29
25835;2009;Audi;TT Coupe quattro;Subcompact Cars;6;Premium;18;24
25834;2009;Audi;TT Coupe quattro;Subcompact Cars;6;Premium;17;25
25384;2009;Audi;TT Roadster;Two Seaters;4;Premium;22;30
25199;2009;Audi;TT Roadster quattro;Two Seaters;4;Premium;21;29
25783;2009;Audi;TT Roadster quattro;Two Seaters;6;Premium;18;24
25782;2009;Audi;TT Roadster quattro;Two Seaters;6;Premium;17;25
25787;2009;Ferrari;599 GTB Fiorano;Two Seaters;12;Premium;11;15
25786;2009;Ferrari;599 GTB Fiorano;Two Seaters;12;Premium;11;15
25974;2009;Ferrari;612 Scaglietti;Midsize Cars;12;Premium;9;16
25973;2009;Ferrari;612 Scaglietti;Midsize Cars;12;Premium;10;15
26535;2009;Ferrari;California;Minicompact Cars;8;Premium;13;19
25785;2009;Ferrari;F430;Two Seaters;8;Premium;11;16
25784;2009;Ferrari;F430;Two Seaters;8;Premium;11;16
25678;2009;Hummer;H3 4WD;Sport Utility Vehicle - 4WD;5;Regular;14;18
25679;2009;Hummer;H3 4WD;Sport Utility Vehicle - 4WD;8;Regular;13;16
25677;2009;Hummer;H3 4WD;Sport Utility Vehicle - 4WD;5;Regular;14;18
25592;2009;Hummer;H3T 4WD;Standard Pickup Trucks 4WD;5;Regular;14;18
25593;2009;Hummer;H3T 4WD;Standard Pickup Trucks 4WD;8;Regular;13;16
25591;2009;Hummer;H3T 4WD;Standard Pickup Trucks 4WD;5;Regular;14;18
28679;2010;Audi;A3;Small Station Wagons;4;Premium;22;28
28678;2010;Audi;A3;Small Station Wagons;4;Premium;21;30
28680;2010;Audi;A3 quattro;Small Station Wagons;4;Premium;21;28
28574;2010;Audi;A4;Compact Cars;4;Premium;23;30
28681;2010;Audi;A4 Avant quattro;Small Station Wagons;4;Premium;21;27
28576;2010;Audi;A4 quattro;Compact Cars;4;Premium;21;27
28575;2010;Audi;A4 quattro;Compact Cars;4;Premium;22;30
28544;2010;Audi;A5 Cabriolet;Subcompact Cars;4;Premium;23;30
28545;2010;Audi;A5 Cabriolet quattro;Subcompact Cars;4;Premium;20;26
28547;2010;Audi;A5 quattro;Subcompact Cars;4;Premium;21;27
29279;2010;Audi;A5 quattro;Subcompact Cars;6;Premium;18;27
28546;2010;Audi;A5 quattro;Subcompact Cars;4;Premium;22;30
29586;2010;Audi;A6;Midsize Cars;6;Premium;18;28
28701;2010;Audi;A6 Avant quattro;Midsize Station Wagons;6;Premium;18;26
26380;2010;Audi;A6 quattro;Midsize Cars;8;Premium;16;23
28620;2010;Audi;A6 quattro;Midsize Cars;6;Premium;18;26
26381;2010;Audi;A8;Midsize Cars;8;Premium;16;23
26426;2010;Audi;A8 L;Large Cars;8;Premium;16;23
29367;2010;Audi;Q5;Sport Utility Vehicle - 4WD;6;Premium;18;23
26481;2010;Audi;Q7;Sport Utility Vehicle - 4WD;8;Premium;13;18
29369;2010;Audi;Q7;Sport Utility Vehicle - 4WD;6;Premium;14;19
28522;2010;Audi;R8;Two Seaters;10;Premium;13;20
28524;2010;Audi;R8;Two Seaters;8;Premium;13;18
28521;2010;Audi;R8;Two Seaters;10;Premium;12;20
28523;2010;Audi;R8;Two Seaters;8;Premium;12;19
28577;2010;Audi;S4;Compact Cars;6;Premium;18;28
28578;2010;Audi;S4;Compact Cars;6;Premium;18;27
26339;2010;Audi;S5;Subcompact Cars;8;Premium;16;24
26338;2010;Audi;S5;Subcompact Cars;8;Premium;14;22
28548;2010;Audi;S5 Cabriolet;Subcompact Cars;6;Premium;17;26
28621;2010;Audi;S6;Midsize Cars;10;Premium;14;19
28549;2010;Audi;TT Coupe quattro;Subcompact Cars;4;Premium;21;29
28525;2010;Audi;TT Roadster quattro;Two Seaters;4;Premium;21;29
31316;2010;Ferrari;458 Italia;Two Seaters;8;Premium;12;18
29817;2010;Ferrari;599 GTB Fiorano;Two Seaters;12;Premium;11;15
29818;2010;Ferrari;599 GTB Fiorano;Two Seaters;12;Premium;11;15
29857;2010;Ferrari;612 Scaglietti;Midsize Cars;12;Premium;9;16
29858;2010;Ferrari;612 Scaglietti;Midsize Cars;12;Premium;10;15
28541;2010;Ferrari;California;Minicompact Cars;8;Premium;13;19
29370;2010;Hummer;H3 4WD;Sport Utility Vehicle - 4WD;5;Regular;14;18
29371;2010;Hummer;H3 4WD;Sport Utility Vehicle - 4WD;5;Regular;14;18
29456;2010;Hummer;H3 4WD FFV;Sport Utility Vehicle - 4WD;8;Gasoline or E85;13;16
29360;2010;Hummer;H3T 4WD;Standard Pickup Trucks 4WD;5;Regular;14;18
29361;2010;Hummer;H3T 4WD;Standard Pickup Trucks 4WD;5;Regular;14;18
29426;2010;Hummer;H3T 4WD FFV;Standard Pickup Trucks 4WD;8;Gasoline or E85;13;16
30426;2011;Audi;A3;Small Station Wagons;4;Premium;22;28
30425;2011;Audi;A3;Small Station Wagons;4;Premium;21;30
30427;2011;Audi;A3 quattro;Small Station Wagons;4;Premium;21;28
30302;2011;Audi;A4;Compact Cars;4;Premium;22;30
30424;2011;Audi;A4 Avant quattro;Small Station Wagons;4;Premium;21;29
30303;2011;Audi;A4 quattro;Compact Cars;4;Premium;21;29
30304;2011;Audi;A4 quattro;Compact Cars;4;Premium;21;31
30280;2011;Audi;A5 Cabriolet;Subcompact Cars;4;Premium;22;30
30282;2011;Audi;A5 Cabriolet quattro;Subcompact Cars;4;Premium;21;29
30281;2011;Audi;A5 quattro;Subcompact Cars;4;Premium;21;29
30283;2011;Audi;A5 quattro;Subcompact Cars;4;Premium;21;31
30355;2011;Audi;A6;Midsize Cars;6;Premium;21;30
30441;2011;Audi;A6 Avant quattro;Midsize Station Wagons;6;Premium;18;26
30354;2011;Audi;A6 quattro;Midsize Cars;8;Premium;16;24
30356;2011;Audi;A6 quattro;Midsize Cars;6;Premium;18;26
30353;2011;Audi;A8;Midsize Cars;8;Premium;17;27
30405;2011;Audi;A8 L;Large Cars;8;Premium;17;27
30539;2011;Audi;Q5;Sport Utility Vehicle - 4WD;6;Premium;18;23
30538;2011;Audi;Q5;Sport Utility Vehicle - 4WD;4;Premium;20;27
30540;2011;Audi;Q7;Sport Utility Vehicle - 4WD;6;Premium;16;21
30222;2011;Audi;R8;Two Seaters;10;Premium;13;19
30925;2011;Audi;R8;Two Seaters;8;Premium;13;21
30224;2011;Audi;R8;Two Seaters;10;Premium;12;19
30924;2011;Audi;R8;Two Seaters;8;Premium;11;20
30221;2011;Audi;R8 Spyder;Two Seaters;10;Premium;13;19
30927;2011;Audi;R8 Spyder;Two Seaters;8;Premium;13;21
30223;2011;Audi;R8 Spyder;Two Seaters;10;Premium;12;19
30926;2011;Audi;R8 Spyder;Two Seaters;8;Premium;11;20
30305;2011;Audi;S4;Compact Cars;6;Premium;18;28
30306;2011;Audi;S4;Compact Cars;6;Premium;18;27
30285;2011;Audi;S5;Subcompact Cars;8;Premium;16;24
30284;2011;Audi;S5;Subcompact Cars;8;Premium;14;22
30286;2011;Audi;S5 Cabriolet;Subcompact Cars;6;Premium;17;26
30357;2011;Audi;S6;Midsize Cars;10;Premium;14;21
30287;2011;Audi;TT Coupe quattro;Subcompact Cars;4;Premium;22;31
30220;2011;Audi;TT Roadster quattro;Two Seaters;4;Premium;22;31
32321;2011;Ferrari;458 Italia;Two Seaters;8;Premium;12;18
32322;2011;Ferrari;599 GTB Fiorano;Two Seaters;12;Premium;11;15
32323;2011;Ferrari;599 GTB Fiorano;Two Seaters;12;Premium;11;15
32324;2011;Ferrari;599 GTO;Two Seaters;12;Premium;11;15
32325;2011;Ferrari;599 SA Aperta;Two Seaters;12;Premium;11;15
32328;2011;Ferrari;612 Scaglietti;Midsize Cars;12;Premium;9;16
32329;2011;Ferrari;612 Scaglietti;Midsize Cars;12;Premium;10;16
32326;2011;Ferrari;California;Minicompact Cars;8;Premium;13;19
31589;2012;Audi;A3;Small Station Wagons;4;Premium;22;28
31588;2012;Audi;A3;Small Station Wagons;4;Premium;21;30
31590;2012;Audi;A3 quattro;Small Station Wagons;4;Premium;21;28
31176;2012;Audi;A4;Compact Cars;4;Premium;22;30
31242;2012;Audi;A4 Avant quattro;Small Station Wagons;4;Premium;21;29
31177;2012;Audi;A4 quattro;Compact Cars;4;Premium;21;29
31178;2012;Audi;A4 quattro;Compact Cars;4;Premium;21;31
31144;2012;Audi;A5 Cabriolet;Subcompact Cars;4;Premium;22;30
31145;2012;Audi;A5 Cabriolet quattro;Subcompact Cars;4;Premium;21;29
31146;2012;Audi;A5 quattro;Subcompact Cars;4;Premium;21;29
31147;2012;Audi;A5 quattro;Subcompact Cars;4;Premium;21;31
31212;2012;Audi;A6;Midsize Cars;4;Premium;25;33
31213;2012;Audi;A6 quattro;Midsize Cars;6;Premium;19;28
31214;2012;Audi;A7 quattro;Midsize Cars;6;Premium;18;28
31582;2012;Audi;A8;Midsize Cars;8;Premium;18;28
31227;2012;Audi;A8 L;Large Cars;12;Premium;14;21
31586;2012;Audi;A8 L;Large Cars;8;Premium;18;28
31298;2012;Audi;Q5;Sport Utility Vehicle - 4WD;6;Premium;18;23
31297;2012;Audi;Q5;Sport Utility Vehicle - 4WD;4;Premium;20;27
31605;2012;Audi;Q7;Sport Utility Vehicle - 4WD;6;Premium;16;21
31082;2012;Audi;R8;Two Seaters;10;Premium;13;19
31559;2012;Audi;R8;Two Seaters;8;Premium;13;21
31083;2012;Audi;R8;Two Seaters;10;Premium;12;19
31561;2012;Audi;R8;Two Seaters;8;Premium;11;20
31084;2012;Audi;R8 Spyder;Two Seaters;10;Premium;13;19
31557;2012;Audi;R8 Spyder;Two Seaters;8;Premium;13;21
31085;2012;Audi;R8 Spyder;Two Seaters;10;Premium;12;19
31560;2012;Audi;R8 Spyder;Two Seaters;8;Premium;11;20
31179;2012;Audi;S4;Compact Cars;6;Premium;18;28
31180;2012;Audi;S4;Compact Cars;6;Premium;18;27
31148;2012;Audi;S5;Subcompact Cars;8;Premium;16;24
31149;2012;Audi;S5;Subcompact Cars;8;Premium;14;22
31150;2012;Audi;S5 Cabriolet;Subcompact Cars;6;Premium;17;26
31566;2012;Audi;TT Coupe quattro;Subcompact Cars;4;Premium;23;31
31558;2012;Audi;TT Roadster quattro;Two Seaters;4;Premium;23;31
31567;2012;Audi;TT RS Coupe;Subcompact Cars;5;Premium;18;25
32330;2012;Ferrari;458 Italia Coupe;Two Seaters;8;Premium;12;18
32332;2012;Ferrari;458 Italia Spider;Two Seaters;8;Premium;12;18
32334;2012;Ferrari;California;Two Seaters;8;Premium;13;19
32337;2012;Ferrari;FF;Midsize Cars;12;Premium;11;17
32557;2012;Tesla;Model S;Large Cars;;Electricity;88;90
32621;2013;Audi;A3;Small Station Wagons;4;Premium;21;28
32620;2013;Audi;A3;Small Station Wagons;4;Premium;21;30
32730;2013;Audi;A3 quattro;Small Station Wagons;4;Premium;21;28
32687;2013;Audi;A4;Compact Cars;4;Premium;24;31
32688;2013;Audi;A4 quattro;Compact Cars;4;Premium;20;30
32572;2013;Audi;A4 quattro;Compact Cars;4;Premium;22;32
32674;2013;Audi;A5 Cabriolet;Subcompact Cars;4;Premium;24;31
32676;2013;Audi;A5 Cabriolet quattro;Subcompact Cars;4;Premium;20;30
32675;2013;Audi;A5 quattro;Subcompact Cars;4;Premium;20;30
32560;2013;Audi;A5 quattro;Subcompact Cars;4;Premium;22;32
32700;2013;Audi;A6;Midsize Cars;4;Premium;25;33
32701;2013;Audi;A6 quattro;Midsize Cars;4;Premium;20;30
32703;2013;Audi;A6 quattro;Midsize Cars;6;Premium;18;27
32702;2013;Audi;A7 quattro;Midsize Cars;6;Premium;18;28
32398;2013;Audi;A8;Midsize Cars;6;Premium;18;28
33071;2013;Audi;A8;Midsize Cars;8;Premium;17;28
32406;2013;Audi;A8 L;Large Cars;6;Premium;18;28
33089;2013;Audi;A8 L;Large Cars;8;Premium;16;26
33090;2013;Audi;A8 L;Large Cars;12;Premium;13;21
32410;2013;Audi;allroad quattro;Small Station Wagons;4;Premium;20;26
32848;2013;Audi;Q5;Small Sport Utility Vehicle 4WD;4;Premium;20;28
33355;2013;Audi;Q5;Small Sport Utility Vehicle 4WD;6;Premium;18;26
33301;2013;Audi;Q5 Hybrid;Small Sport Utility Vehicle 4WD;4;Premium;24;30
32648;2013;Audi;Q7;Standard Sport Utility Vehicle 4WD;6;Premium;16;21
32564;2013;Audi;RS 5;Subcompact Cars;8;Premium;16;23
33369;2013;Audi;RS 5 Cabriolet;Subcompact Cars;8;Premium;16;22
32573;2013;Audi;S4;Compact Cars;6;Premium;18;28
32574;2013;Audi;S4;Compact Cars;6;Premium;17;26
32561;2013;Audi;S5;Subcompact Cars;6;Premium;18;28
32563;2013;Audi;S5;Subcompact Cars;6;Premium;17;26
32562;2013;Audi;S5 Cabriolet;Subcompact Cars;6;Premium;18;26
32959;2013;Audi;S6;Midsize Cars;8;Premium;17;27
32958;2013;Audi;S7;Midsize Cars;8;Premium;17;27
33163;2013;Audi;S8;Midsize Cars;8;Premium;15;26
32565;2013;Audi;TT Coupe quattro;Subcompact Cars;4;Premium;22;31
32558;2013;Audi;TT Roadster quattro;Two Seaters;4;Premium;22;31
32566;2013;Audi;TT RS Coupe;Subcompact Cars;5;Premium;18;25
33026;2013;Ferrari;California;Minicompact Cars;8;Premium;14;19
33901;2013;Ferrari;F12;Two Seaters;12;Premium;12;16
33612;2013;Tesla;Model S (40 kW-hr battery pack);Large Cars;;Electricity;93;96
33367;2013;Tesla;Model S (60 kW-hr battery pack);Large Cars;;Electricity;94;97
33368;2013;Tesla;Model S (85 kW-hr battery pack);Large Cars;;Electricity;88;90
33799;2014;Audi;A4;Compact Cars;4;Premium;23;31
33800;2014;Audi;A4 quattro;Compact Cars;4;Premium;22;32
33783;2014;Audi;A5 Cabriolet;Subcompact Cars;4;Premium;23;31
33784;2014;Audi;A5 quattro;Subcompact Cars;4;Premium;22;32
33834;2014;Audi;A6;Midsize Cars;4;Premium;25;33
33833;2014;Audi;A6 quattro;Midsize Cars;6;Premium;18;27
33835;2014;Audi;A6 quattro;Midsize Cars;4;Premium;20;29
33832;2014;Audi;A7 quattro;Midsize Cars;6;Premium;18;28
33826;2014;Audi;A8;Midsize Cars;8;Premium;17;28
33831;2014;Audi;A8;Midsize Cars;6;Premium;18;28
33849;2014;Audi;A8 L;Large Cars;8;Premium;16;26
33850;2014;Audi;A8 L;Large Cars;6;Premium;18;28
33851;2014;Audi;A8 L;Large Cars;12;Premium;13;21
33874;2014;Audi;Q5;Small Sport Utility Vehicle 4WD;6;Premium;18;26
33873;2014;Audi;Q5 Hybrid;Small Sport Utility Vehicle 4WD;4;Premium;24;30
33891;2014;Audi;Q7;Standard Sport Utility Vehicle 4WD;6;Premium;16;22
33441;2014;Audi;R8;Two Seaters;10;Premium;13;22
33443;2014;Audi;R8;Two Seaters;8;Premium;14;23
33445;2014;Audi;R8;Two Seaters;10;Premium;12;19
33447;2014;Audi;R8;Two Seaters;8;Premium;11;20
33440;2014;Audi;R8 Spyder;Two Seaters;10;Premium;13;22
33442;2014;Audi;R8 Spyder;Two Seaters;8;Premium;14;23
33444;2014;Audi;R8 Spyder;Two Seaters;10;Premium;12;19
33446;2014;Audi;R8 Spyder;Two Seaters;8;Premium;11;20
33638;2014;Audi;RS 5;Subcompact Cars;8;Premium;16;23
33911;2014;Audi;RS 5 Cabriolet;Subcompact Cars;8;Premium;16;22
33830;2014;Audi;RS 7;Midsize Cars;8;Premium;16;27
33796;2014;Audi;S4;Compact Cars;6;Premium;18;28
33797;2014;Audi;S4;Compact Cars;6;Premium;17;26
33778;2014;Audi;S5;Subcompact Cars;6;Premium;18;28
33780;2014;Audi;S5;Subcompact Cars;6;Premium;17;26
33779;2014;Audi;S5 Cabriolet;Subcompact Cars;6;Premium;18;26
33829;2014;Audi;S6;Midsize Cars;8;Premium;17;27
33828;2014;Audi;S7;Midsize Cars;8;Premium;17;27
33827;2014;Audi;S8;Midsize Cars;8;Premium;15;26
34229;2014;Audi;SQ5;Small Sport Utility Vehicle 4WD;6;Premium;16;23
33639;2014;Audi;TT Coupe quattro;Subcompact Cars;4;Premium;22;31
33613;2014;Audi;TT Roadster quattro;Two Seaters;4;Premium;22;31
33765;2014;Ferrari;458 Italia;Two Seaters;8;Premium;13;17
35653;2014;Ferrari;458 Speciale;Two Seaters;8;Premium;13;17
33767;2014;Ferrari;458 Spider;Two Seaters;8;Premium;13;17
33776;2014;Ferrari;California;Minicompact Cars;8;Premium;14;19
33769;2014;Ferrari;F12;Two Seaters;12;Premium;12;16
33846;2014;Ferrari;FF;Midsize Cars;12;Premium;11;17
35841;2014;Ferrari;LaFerrari Hybrid;Two Seaters;12;Premium;12;16
34776;2014;Tesla;Model S (60 kW-hr battery pack);Large Cars;;Electricity;94;97
34775;2014;Tesla;Model S (85 kW-hr battery pack);Large Cars;;Electricity;88;90
35994;2014;Tesla;Model S AWD (85 kW-hr battery pack);Large Cars;;Electricity;86;94
34771;2015;Audi;A3;Subcompact Cars;4;Premium;23;33
35320;2015;Audi;A3;Subcompact Cars;4;Diesel;31;41
34975;2015;Audi;A3 Cabriolet;Subcompact Cars;4;Premium;24;35
34974;2015;Audi;A3 Cabriolet quattro;Subcompact Cars;4;Premium;23;32
34710;2015;Audi;A3 quattro;Subcompact Cars;4;Premium;24;33
35088;2015;Audi;A4;Compact Cars;4;Premium;24;31
35089;2015;Audi;A4 quattro;Compact Cars;4;Premium;22;32
35082;2015;Audi;A5 quattro;Subcompact Cars;4;Premium;22;32
35096;2015;Audi;A6;Midsize Cars;4;Premium;25;33
35097;2015;Audi;A6 quattro;Midsize Cars;4;Premium;20;29
35099;2015;Audi;A6 quattro;Midsize Cars;6;Premium;18;27
35098;2015;Audi;A7 quattro;Midsize Cars;6;Premium;18;28
34925;2015;Audi;A8;Midsize Cars;8;Premium;18;30
34926;2015;Audi;A8;Midsize Cars;6;Premium;19;29
34928;2015;Audi;A8 L;Large Cars;8;Premium;18;29
34929;2015;Audi;A8 L;Large Cars;12;Premium;14;22
34931;2015;Audi;A8 L;Large Cars;6;Premium;19;29
35418;2015;Audi;Q3;Compact Cars;4;Premium;20;28
35417;2015;Audi;Q3 quattro;Compact Cars;4;Premium;20;28
35116;2015;Audi;Q5;Small Sport Utility Vehicle 4WD;6;Premium;18;26
35113;2015;Audi;Q5 Hybrid;Small Sport Utility Vehicle 4WD;4;Premium;24;30
35119;2015;Audi;Q7;Standard Sport Utility Vehicle 4WD;6;Premium;16;22
35073;2015;Audi;R8;Two Seaters;8;Premium;14;23
35079;2015;Audi;R8;Two Seaters;10;Premium;13;22
35075;2015;Audi;R8;Two Seaters;8;Premium;11;20
35077;2015;Audi;R8;Two Seaters;10;Premium;12;19
35072;2015;Audi;R8 Spyder;Two Seaters;8;Premium;14;23
35078;2015;Audi;R8 Spyder;Two Seaters;10;Premium;13;22
35074;2015;Audi;R8 Spyder;Two Seaters;8;Premium;11;20
35076;2015;Audi;R8 Spyder;Two Seaters;10;Premium;12;19
35080;2015;Audi;RS 5;Subcompact Cars;8;Premium;16;23
35081;2015;Audi;RS 5 Cabriolet;Subcompact Cars;8;Premium;16;22
34995;2015;Audi;RS 7;Midsize Cars;8;Premium;15;25
35413;2015;Audi;S3;Subcompact Cars;4;Premium;23;31
35091;2015;Audi;S4;Compact Cars;6;Premium;18;28
35092;2015;Audi;S4;Compact Cars;6;Premium;17;26
35085;2015;Audi;S5;Subcompact Cars;6;Premium;18;28
35087;2015;Audi;S5;Subcompact Cars;6;Premium;17;26
35086;2015;Audi;S5 Cabriolet;Subcompact Cars;6;Premium;18;26
34994;2015;Audi;S6;Midsize Cars;8;Premium;17;27
34993;2015;Audi;S7;Midsize Cars;8;Premium;17;27
34924;2015;Audi;S8;Midsize Cars;8;Premium;17;27
35115;2015;Audi;SQ5;Small Sport Utility Vehicle 4WD;6;Premium;17;24
34664;2015;Audi;TT Coupe quattro;Subcompact Cars;4;Premium;22;31
34663;2015;Audi;TT Roadster quattro;Two Seaters;4;Premium;22;31
35528;2015;Ferrari;458 Italia;Two Seaters;8;Premium;13;17
35532;2015;Ferrari;458 Speciale;Two Seaters;8;Premium;13;17
35534;2015;Ferrari;458 Speciale Spider;Two Seaters;8;Premium;13;17
35530;2015;Ferrari;458 Spider;Two Seaters;8;Premium;13;17
35607;2015;Ferrari;California T;Minicompact Cars;8;Premium;16;23
35536;2015;Ferrari;F12;Two Seaters;12;Premium;12;16
35546;2015;Ferrari;FF;Midsize Cars;12;Premium;11;17
36017;2015;Tesla;Model S (60 kW-hr battery pack);Large Cars;;Electricity;94;97
35980;2015;Tesla;Model S (85 kW-hr battery pack);Large Cars;;Electricity;88;90
37236;2015;Tesla;Model S (90 kW-hr battery pack);Large Cars;;Electricity;88;90
36126;2015;Tesla;Model S AWD - 70D;Large Cars;;Electricity;101;102
36009;2015;Tesla;Model S AWD - 85D;Large Cars;;Electricity;95;106
36786;2015;Tesla;Model S AWD - 90D;Large Cars;;Electricity;95;106
36008;2015;Tesla;Model S AWD - P85D;Large Cars;;Electricity;89;98
36787;2015;Tesla;Model S AWD - P90D;Large Cars;;Electricity;89;98
36383;2016;Audi;A3;Subcompact Cars;4;Regular;23;33
36384;2016;Audi;A3 Cabriolet;Subcompact Cars;4;Regular;24;35
36386;2016;Audi;A3 Cabriolet quattro;Subcompact Cars;4;Regular;23;32
36385;2016;Audi;A3 quattro;Subcompact Cars;4;Regular;24;33
36398;2016;Audi;A4;Compact Cars;4;Premium;24;31
36397;2016;Audi;A4 quattro;Compact Cars;4;Premium;22;32
36390;2016;Audi;A5 quattro;Subcompact Cars;4;Premium;22;32
36113;2016;Audi;A6;Midsize Cars;4;Premium;24;34
35996;2016;Audi;A6 quattro;Midsize Cars;6;Premium;20;29
36133;2016;Audi;A6 quattro;Midsize Cars;4;Premium;22;32
35995;2016;Audi;A7 quattro;Midsize Cars;6;Premium;20;29
36346;2016;Audi;A8 L;Large Cars;8;Premium;18;29
36408;2016;Audi;A8 L;Large Cars;6;Premium;19;29
36585;2016;Audi;A8 L;Large Cars;12;Premium;14;22
36399;2016;Audi;Q3;Compact Cars;4;Premium;20;28
36400;2016;Audi;Q3 quattro;Compact Cars;4;Premium;20;28
36422;2016;Audi;Q5;Small Sport Utility Vehicle 4WD;6;Premium;18;26
36424;2016;Audi;Q5 Hybrid;Small Sport Utility Vehicle 4WD;4;Premium;24;30
36345;2016;Audi;RS 7;Midsize Cars;8;Premium;15;25
36392;2016;Audi;S3;Subcompact Cars;4;Premium;23;31
36395;2016;Audi;S4;Compact Cars;6;Premium;18;28
36396;2016;Audi;S4;Compact Cars;6;Premium;17;26
36387;2016;Audi;S5;Subcompact Cars;6;Premium;18;28
36389;2016;Audi;S5;Subcompact Cars;6;Premium;17;26
36388;2016;Audi;S5 Cabriolet;Subcompact Cars;6;Premium;18;26
36132;2016;Audi;S6;Midsize Cars;8;Premium;18;27
36131;2016;Audi;S7;Midsize Cars;8;Premium;17;27
37296;2016;Audi;S8;Midsize Cars;8;Premium;15;25
36423;2016;Audi;SQ5;Small Sport Utility Vehicle 4WD;6;Premium;17;24
36393;2016;Audi;TT Coupe quattro;Subcompact Cars;4;Regular;23;30
36380;2016;Audi;TT Roadster quattro;Two Seaters;4;Regular;23;30
36391;2016;Audi;TTS Coupe;Subcompact Cars;4;Premium;23;27
37069;2016;Ferrari;488 GTB;Two Seaters;8;Premium;15;22
38003;2016;Ferrari;488 Spider;Two Seaters;8;Premium;15;22
36946;2016;Ferrari;California T;Minicompact Cars;8;Premium;16;23
37027;2016;Ferrari;F12;Two Seaters;12;Premium;12;16
37162;2016;Ferrari;F12 tdf;Two Seaters;12;Premium;11;15
37294;2016;Ferrari;F60 America;Two Seaters;12;Premium;11;15
36960;2016;Ferrari;FF;Midsize Cars;12;Premium;11;17
38170;2016;Tesla;Model S (60 kW-hr battery pack);Large Cars;;Electricity;98;101
37233;2016;Tesla;Model S (70 kW-hr battery pack);Large Cars;;Electricity;88;90
37421;2016;Tesla;Model S (75 kW-hr battery pack);Large Cars;;Electricity;97;100
37234;2016;Tesla;Model S (85 kW-hr battery pack);Large Cars;;Electricity;88;90
37235;2016;Tesla;Model S (90 kW-hr battery pack);Large Cars;;Electricity;88;90
38171;2016;Tesla;Model S AWD - 60D;Large Cars;;Electricity;101;107
37238;2016;Tesla;Model S AWD - 70D;Large Cars;;Electricity;101;102
37422;2016;Tesla;Model S AWD - 75D;Large Cars;;Electricity;102;105
37239;2016;Tesla;Model S AWD - 85D;Large Cars;;Electricity;95;106
37240;2016;Tesla;Model S AWD - 90D;Large Cars;;Electricity;101;107
38172;2016;Tesla;Model S AWD - P100D;Large Cars;;Electricity;92;105
37241;2016;Tesla;Model S AWD - P85D;Large Cars;;Electricity;89;98
37242;2016;Tesla;Model S AWD - P90D;Large Cars;;Electricity;91;100
38173;2016;Tesla;Model X AWD - 60D;Standard Sport Utility Vehicle 4WD;;Electricity;91;94
37423;2016;Tesla;Model X AWD - 75D;Standard Sport Utility Vehicle 4WD;;Electricity;91;95
36979;2016;Tesla;Model X AWD - 90D;Standard Sport Utility Vehicle 4WD;;Electricity;90;94
38500;2016;Tesla;Model X AWD - P100D;Standard Sport Utility Vehicle 4WD;;Electricity;81;92
36980;2016;Tesla;Model X AWD - P90D;Standard Sport Utility Vehicle 4WD;;Electricity;89;90
38231;2017;Audi;A3;Subcompact Cars;4;Regular;26;35
38232;2017;Audi;A3 Cabriolet;Subcompact Cars;4;Regular;25;34
38176;2017;Audi;A3 Cabriolet quattro;Subcompact Cars;4;Regular;22;30
38006;2017;Audi;A3 quattro;Subcompact Cars;4;Regular;24;31
37302;2017;Audi;A4;Compact Cars;4;Premium;25;33
38042;2017;Audi;A4 allroad quattro;Small Station Wagons;4;Premium;23;28
37301;2017;Audi;A4 quattro;Compact Cars;4;Premium;24;31
38467;2017;Audi;A4 quattro;Compact Cars;4;Premium;24;33
38013;2017;Audi;A4 Ultra;Compact Cars;4;Premium;27;37
37743;2017;Audi;A5 quattro;Subcompact Cars;4;Premium;23;32
38029;2017;Audi;A6;Midsize Cars;4;Premium;24;34
37717;2017;Audi;A6 quattro;Midsize Cars;6;Premium;21;29
38028;2017;Audi;A6 quattro;Midsize Cars;4;Premium;22;31
37718;2017;Audi;A7 quattro;Midsize Cars;6;Premium;21;29
37727;2017;Audi;A8 L;Large Cars;6;Premium;19;29
37728;2017;Audi;A8 L;Large Cars;8;Premium;18;29
37823;2017;Audi;Q3;Compact Cars;4;Premium;20;28
37886;2017;Audi;Q3 quattro;Compact Cars;4;Premium;20;28
37789;2017;Audi;Q5;Small Sport Utility Vehicle 4WD;6;Premium;18;26
37221;2017;Audi;Q7;Standard Sport Utility Vehicle 4WD;6;Premium;19;25
38405;2017;Audi;Q7;Standard Sport Utility Vehicle 4WD;4;Premium;20;25
37299;2017;Audi;R8;Two Seaters;10;Premium;14;22
37300;2017;Audi;R8 Spyder;Two Seaters;10;Premium;14;22
37720;2017;Audi;RS 7;Midsize Cars;8;Premium;15;25
37814;2017;Audi;S3;Subcompact Cars;4;Premium;21;28
37744;2017;Audi;S5;Subcompact Cars;6;Premium;18;28
37746;2017;Audi;S5;Subcompact Cars;6;Premium;17;26
37745;2017;Audi;S5 Cabriolet;Subcompact Cars;6;Premium;18;26
37769;2017;Audi;S6;Midsize Cars;8;Premium;18;27
37719;2017;Audi;S7;Midsize Cars;8;Premium;17;27
37768;2017;Audi;S8;Midsize Cars;8;Premium;15;24
37790;2017;Audi;SQ5;Small Sport Utility Vehicle 4WD;6;Premium;17;24
38007;2017;Audi;TT Coupe quattro;Subcompact Cars;4;Regular;23;30
38005;2017;Audi;TT Roadster quattro;Two Seaters;4;Regular;23;30
37875;2017;Audi;TTS Coupe;Subcompact Cars;4;Premium;23;27
37604;2017;Ferrari;488 GTB;Two Seaters;8;Premium;15;22
37955;2017;Ferrari;488 Spider;Two Seaters;8;Premium;15;22
37805;2017;Ferrari;California T;Minicompact Cars;8;Premium;16;23
37705;2017;Ferrari;F12 Berlinetta;Two Seaters;12;Premium;12;16
37605;2017;Ferrari;F12 tdf;Two Seaters;12;Premium;11;15
37722;2017;Ferrari;GTC4Lusso;Minicompact Cars;12;Premium;11;17
38047;2017;Ferrari;LaFerrari Aperta;Two Seaters;12;Premium;12;15
38523;2017;Tesla;Model S AWD - 60D;Large Cars;;Electricity;101;107
38524;2017;Tesla;Model S AWD - 75D;Large Cars;;Electricity;102;105
38525;2017;Tesla;Model S AWD - P100D;Large Cars;;Electricity;92;105
38537;2017;Tesla;Model S AWD - P90D;Large Cars;;Electricity;92;100
38526;2017;Tesla;Model X AWD - 60D;Standard Sport Utility Vehicle 4WD;;Electricity;91;94
38527;2017;Tesla;Model X AWD - 75D;Standard Sport Utility Vehicle 4WD;;Electricity;91;95
38528;2017;Tesla;Model X AWD - 90D;Standard Sport Utility Vehicle 4WD;;Electricity;90;94
38530;2017;Tesla;Model X AWD - P100D;Standard Sport Utility Vehicle 4WD;;Electricity;81;92
38529;2017;Tesla;Model X AWD - P90D;Standard Sport Utility Vehicle 4WD;;Electricity;89;90
